sampleid	acquisid	status	taxonid	annotation_category	count
m106_mn01_n1_sml	generic_m106_mn01_n1_sml	V	Cyclopoida	Biota>Animalia>Arthropoda>Crustacea>Multicrustacea>Copepoda>Neocopepoda>Podoplea>Cyclopoida	1
m106_mn01_n1_sml	generic_m106_mn01_n1_sml	V	Oncaeidae	Biota>Animalia>Arthropoda>Crustacea>Multicrustacea>Copepoda>Neocopepoda>Podoplea>Cyclopoida>Ergasilida>Oncaeidae	2
m106_mn01_n1_sml	generic_m106_mn01_n1_sml	V	other<Biota	Biota>other	1
m106_mn01_n2_sml	generic_m106_mn01_n2_sml	V	Cyclopoida	Biota>Animalia>Arthropoda>Crustacea>Multicrustacea>Copepoda>Neocopepoda>Podoplea>Cyclopoida	0
m106_mn01_n2_sml	generic_m106_mn01_n2_sml	V	Oncaeidae	Biota>Animalia>Arthropoda>Crustacea>Multicrustacea>Copepoda>Neocopepoda>Podoplea>Cyclopoida>Ergasilida>Oncaeidae	1
m106_mn01_n2_sml	generic_m106_mn01_n2_sml	V	other<Biota	Biota>other	0
m106_mn01_n3_sml	generic_m106_mn01_n3_sml	V	Cyclopoida	Biota>Animalia>Arthropoda>Crustacea>Multicrustacea>Copepoda>Neocopepoda>Podoplea>Cyclopoida	0
m106_mn01_n3_sml	generic_m106_mn01_n3_sml	V	Oncaeidae	Biota>Animalia>Arthropoda>Crustacea>Multicrustacea>Copepoda>Neocopepoda>Podoplea>Cyclopoida>Ergasilida>Oncaeidae	1
m106_mn01_n3_sml	generic_m106_mn01_n3_sml	V	other<Biota	Biota>other	0
